﻿ID,Speaker,Japanese,English,Chinese,EnglishCensored,Korean,German
100,4429,,"Ohibò! Il cancello... le sculture...
Questo edificio era un bene inestimabile.
Spero che possa essere riportato al suo antico splendore.","嗚啊啊……大門……雕像……
明明是很重要的建築物……
能恢復成原本的樣子嗎？",,"히에에…대문이…조각상이……
귀중한 건축물인데…제대로 원래대로 돌아오려나?","Nein! Das Tor ... Die Skulpturen ... Das Gebäude
ist unersetzlich. Ich hoffe, es kann repariert
werden."
101,4430,,"Non riesco a credere che abbia fatto tardi al nostro
appuntamento proprio oggi... Dovrei mollarlo.
Quasi quasi vado a un appuntamento con un mostro!","竟然在這種日子約會，還給我遲到……
要不要跟他分手啊，那種廢物男……
都這樣子了，我乾脆去跟怪物一起約會算了！",,"이런 날까지 데이트에 지각하다니…
헤어져 버릴까, 그 몹쓸 남자…
이렇게 된 이상, 괴물하고 데이트해주겠어!","Ich kann nicht fassen, dass er ausgerechnet heute
spät dran ist. Versager. Vielleicht sollte ich
statt mit ihm ein Date mit einem Monster haben."
102,4431,,"Sei proprio una creatura insolita. Ti piace il
vino di riso dolce?","還真是奇怪的生物啊～
你有辦法喝甜酒嗎？",,"이상한 생물이구먼~
너, 감주는 마실 수 있겠니?","Was für eine ungewöhnliche Kreatur. Magst du
Reiswein?"
103,4433,,"Qui ad Asakusa siamo in grave pericolo! Devo
immediatamente chiedere direttive al quartier generale!","淺、淺、淺草、現在很危險～！
不去請示一下本部的話……！",,"아사, 아사, 아사쿠사에, 큰일이~!
본부에 지시를 요청해야겠어……!","Asakusa ist in ernsthafter Gefahr! Ich muss in der
Zentrale nachfragen, was ich tun soll!"
104,1010,,"Gira voce che alcuni Royal Knights siano
stati avvistati in zona. Se riuscissi a trovarli,
forse potrei tornare nel mio mondo...","聽說有人在某處見到皇家騎士。
只要找到他的話，是不是就能
回到原來的世界了？",,"어딘가에서 로얄 나이츠 디지몬을 봤다는 소문이 있어.
그들을 찾으면 원래 세계로 돌아갈 수 있을까~?","Es gibt ein Gerücht, dass ein paar Royal Knights
gesichtet wurden. Wenn ich sie finde,
kann ich vielleicht zurück in meine Welt?"
105,1412,,Cos'è il vino di riso dolce? Ha un buon sapore?,甜酒是什麼呀？　好喝嗎？,,감주라는 건 뭐야~? 맛있어?,Was ist Reiswein? Schmeckt er gut?
